phase,station,window,lead,n_val,obs_rate,n_blocks,min_block,median_block,val_brier_raw,val_brier_pav,val_delta,brier_raw,brier_pav,delta_pav_minus_raw,pav_helps,pav_hurts
3g,bellever_dartmoor,3,24,124,0.717741935483871,7,6,12,0.10340042112903225,0.08444220430107528,-0.018958216827956967,0.1126903101666666,0.1075832376881374,-0.0051070724785292,True,False
3j,bellever_dartmoor,3,24,124,0.717741935483871,8,3,10,0.09834745895161294,0.08448191593352884,-0.013865543018084098,0.1063773031875,0.1059361274984181,-0.0004411756890818,False,False
3n,bellever_dartmoor,3,24,124,0.717741935483871,7,8,12,0.09933194354838709,0.08380376344086023,-0.015528180107526865,0.1082279129374999,0.1054414622926443,-0.0027864506448556,True,False
3g,bellever_dartmoor,4,24,124,0.6290322580645161,6,8,14,0.09479326177419355,0.07652126099706745,-0.018272000777126096,0.119534671,0.1241282622602864,0.0045935912602864,False,True
3j,bellever_dartmoor,4,24,124,0.6290322580645161,9,3,7,0.1023185904032258,0.07928827444956478,-0.02303031595366102,0.1242537735208333,0.1197266965387418,-0.0045270769820914,True,False
3n,bellever_dartmoor,4,24,124,0.6290322580645161,8,2,9,0.10250250580645162,0.07815598380114509,-0.02434652200530653,0.1247151006041666,0.1204030052834337,-0.0043120953207328,True,False
3g,bellever_dartmoor,6,24,124,0.5,7,6,14,0.09773969959677418,0.08427080509623204,-0.013468894500542145,0.1109265949999999,0.1127795310917611,0.0018529360917611,False,True
3j,bellever_dartmoor,6,24,124,0.5,7,5,12,0.1028088425,0.0852457083569138,-0.017563134143086204,0.1250802913958333,0.1135102983282307,-0.0115699930676025,True,False
3n,bellever_dartmoor,6,24,124,0.5,7,5,12,0.09980399677419353,0.08502169401999625,-0.014782302754197285,0.1214729497291666,0.1103027452278909,-0.0111702045012756,True,False
3g,bovey_tracey,3,24,120,0.85,5,6,12,0.07054404341666666,0.05463643790849673,-0.015907605508169928,0.0644519225862069,0.0577203814896876,-0.0067315410965192,True,False
3j,bovey_tracey,3,24,120,0.85,6,5,7,0.06502078341666667,0.05523809523809523,-0.00978268817857144,0.0586966983836206,0.0597041898179402,0.0010074914343195,False,True
3n,bovey_tracey,3,24,120,0.85,5,6,13,0.06525867916666667,0.05183150183150184,-0.013427177335164825,0.0587294863146551,0.0577949864152329,-0.0009344998994222,True,False
3g,bovey_tracey,4,24,120,0.775,6,2,14,0.06842092983333334,0.05581289483463396,-0.012608034998699377,0.1033675952586207,0.1035430753027157,0.000175480044095,False,False
3j,bovey_tracey,4,24,120,0.775,6,2,13,0.06962979166666665,0.055416666666666656,-0.014213124999999993,0.0912748520474137,0.0989022800985158,0.0076274280511021,False,True
3n,bovey_tracey,4,24,120,0.775,6,2,13,0.06979464408333333,0.055555555555555566,-0.014239088527777763,0.092664147650862,0.100316314780832,0.0076521671299699,False,True
3g,bovey_tracey,6,24,120,0.65,7,3,18,0.08296759008333333,0.07024410774410775,-0.012723482339225586,0.1001794494827586,0.0982214864270971,-0.0019579630556614,True,False
3j,bovey_tracey,6,24,120,0.65,7,3,11,0.08724770416666665,0.06751240474924686,-0.01973529941741979,0.1138007129094827,0.0991816285106413,-0.0146190843988413,True,False
3n,bovey_tracey,6,24,120,0.65,7,3,10,0.08537170975,0.06722831384015594,-0.018143395909844054,0.1107443962931034,0.0984820803142126,-0.0122623159788907,True,False
3g,dartmoor_nr_hexworthy,3,24,125,0.696,5,11,18,0.10728563856,0.08372397660818715,-0.02356166195181285,0.1278200235833333,0.1295891152210698,0.0017690916377364,False,True
3j,dartmoor_nr_hexworthy,3,24,125,0.696,5,11,17,0.1067769976,0.08372773109243699,-0.023049266507563018,0.119400667625,0.1267077421466028,0.0073070745216027,False,True
3n,dartmoor_nr_hexworthy,3,24,125,0.696,5,11,17,0.1074310796,0.08372773109243699,-0.02370334850756302,0.1204059952083333,0.1275622427281798,0.0071562475198465,False,True
3g,dartmoor_nr_hexworthy,4,24,125,0.608,9,2,13,0.12119519192,0.09290629370629368,-0.028288898213706323,0.1237648442499999,0.1319599846150361,0.0081951403650361,False,True
3j,dartmoor_nr_hexworthy,4,24,125,0.608,8,6,15,0.115644194,0.09046782106782107,-0.025176372932178934,0.1242541394166666,0.1312164515807622,0.0069623121640956,False,True
3n,dartmoor_nr_hexworthy,4,24,125,0.608,8,6,15,0.11638998095999997,0.09056973677663334,-0.025820244183366634,0.1248035013125,0.1336771842916245,0.0088736829791245,False,True
3g,dartmoor_nr_hexworthy,6,24,125,0.456,8,5,15,0.15128902400000002,0.09413333333333329,-0.05715569066666673,0.161314999,0.209123633535321,0.047808634535321,False,True
3j,dartmoor_nr_hexworthy,6,24,125,0.456,8,5,15,0.12173765104,0.0952433497536946,-0.026494301286305408,0.1657831269791666,0.2059900674136595,0.0402069404344928,False,True
3n,dartmoor_nr_hexworthy,6,24,125,0.456,8,5,15,0.12078198127999998,0.09553015873015874,-0.025251822549841235,0.1636988968541667,0.2048017139489508,0.0411028170947841,False,True
3g,bellever_dartmoor,3,48,124,0.717741935483871,8,6,9,0.12754049887096774,0.10412581699346406,-0.023414681877503687,0.11899992725,0.1164605537274492,-0.0025393735225507,True,False
3j,bellever_dartmoor,3,48,124,0.717741935483871,10,3,8,0.12051053661290322,0.10261514918772983,-0.01789538742517338,0.1148642341666666,0.1124210176701034,-0.0024432164965632,True,False
3n,bellever_dartmoor,3,48,124,0.717741935483871,9,2,11,0.12204838669354837,0.10192361402038821,-0.02012477267316015,0.1165028797291666,0.1139867582154264,-0.0025161215137401,True,False
3g,bellever_dartmoor,4,48,124,0.6290322580645161,8,6,10,0.1261346558064516,0.10293458781362007,-0.023200067992831544,0.1211745778333333,0.1190734501540715,-0.0021011276792618,True,False
3j,bellever_dartmoor,4,48,124,0.6290322580645161,6,6,19,0.13106897927419353,0.10045274476513866,-0.030616234509054874,0.1334826848958333,0.1211017094038678,-0.0123809754919654,True,False
3n,bellever_dartmoor,4,48,124,0.6290322580645161,7,7,16,0.13123735016129032,0.10152649769585255,-0.029710852465437768,0.1328945494375,0.1231952825314755,-0.0096992669060244,True,False
3g,bellever_dartmoor,6,48,124,0.5,8,5,11,0.1145950560483871,0.09770077592658238,-0.016894280121804717,0.1109646659166666,0.1063831359740812,-0.0045815299425854,True,False
3j,bellever_dartmoor,6,48,124,0.5,8,4,14,0.12291039491935486,0.10149526575048397,-0.021415129168870894,0.1247126055,0.1143841874202207,-0.0103284180797792,True,False
3n,bellever_dartmoor,6,48,124,0.5,9,3,11,0.1212497666935484,0.09934065512813141,-0.021909111565416986,0.1223015332083333,0.1169847284696585,-0.0053168047386748,True,False
3g,bovey_tracey,3,48,120,0.85,5,6,13,0.08170717358333332,0.058084045584045584,-0.023623127999287737,0.0730242874999999,0.0693496258266039,-0.003674661673396,True,False
3j,bovey_tracey,3,48,120,0.85,5,6,11,0.07487037533333334,0.06064393939393939,-0.014226435939393947,0.0677745749353448,0.0697071781895164,0.0019326032541715,False,True
3n,bovey_tracey,3,48,120,0.85,6,5,10,0.07560805541666668,0.06081699346405229,-0.014791061952614391,0.0676695188146551,0.0693976569032231,0.0017281380885679,False,True
3g,bovey_tracey,4,48,120,0.775,6,5,8,0.09118386441666666,0.06725694444444445,-0.02392691997222221,0.1166783162931034,0.1037290663762177,-0.0129492499168856,True,False
3j,bovey_tracey,4,48,120,0.775,6,3,8,0.08818668166666667,0.06811038011695908,-0.02007630154970759,0.1072791787284483,0.1026858559100213,-0.0045933228184269,True,False
3n,bovey_tracey,4,48,120,0.775,6,6,8,0.08962348725,0.06852678571428572,-0.021096701535714274,0.1083186756465517,0.1017909355257346,-0.0065277401208171,True,False
3g,bovey_tracey,6,48,120,0.65,8,6,12,0.10296728783333334,0.08623611111111114,-0.0167311767222222,0.1123923847413793,0.1151425538699303,0.002750169128551,False,True
3j,bovey_tracey,6,48,120,0.65,8,5,13,0.10763024933333334,0.08699249528533416,-0.020637754047999182,0.1293356806034482,0.1161112373622019,-0.0132244432412463,True,False
3n,bovey_tracey,6,48,120,0.65,7,6,14,0.1046113485,0.08636507936507937,-0.01824626913492064,0.1250734565086207,0.1152247734848735,-0.0098486830237471,True,False
3g,dartmoor_nr_hexworthy,3,48,125,0.696,8,3,10,0.11487535976,0.09243333333333334,-0.022442026426666664,0.1478366253333333,0.1541849481264517,0.0063483227931184,False,True
3j,dartmoor_nr_hexworthy,3,48,125,0.696,6,4,10,0.11396775208000001,0.08876363636363636,-0.025204115716363648,0.1379113948541666,0.1513264781860714,0.0134150833319047,False,True
3n,dartmoor_nr_hexworthy,3,48,125,0.696,6,6,16,0.11437847943999997,0.08849590643274854,-0.025882573007251428,0.138663928375,0.1490585179751275,0.0103945896001275,False,True
3g,dartmoor_nr_hexworthy,4,48,125,0.608,8,4,12,0.12446675328000001,0.09773095238095239,-0.026735800899047618,0.15089898625,0.162246932184556,0.011347945934556,False,True
3j,dartmoor_nr_hexworthy,4,48,125,0.608,8,4,12,0.12277739287999999,0.09725304659498213,-0.02552434628501786,0.1484901005624999,0.1613055284237963,0.0128154278612963,False,True
3n,dartmoor_nr_hexworthy,4,48,125,0.608,9,3,12,0.12278972920000002,0.10002764976958528,-0.022762079430414736,0.1487029265624999,0.1622369922888236,0.0135340657263236,False,True
3g,dartmoor_nr_hexworthy,6,48,125,0.456,10,4,9,0.14420162303999995,0.10985543345543346,-0.03434618958456649,0.1630367965,0.192398994958892,0.029362198458892,False,True
3j,dartmoor_nr_hexworthy,6,48,125,0.456,11,4,10,0.12646804328,0.11018964803312632,-0.016278395246873675,0.1707976067916666,0.1936960057855577,0.022898398993891,False,True
3n,dartmoor_nr_hexworthy,6,48,125,0.456,11,4,9,0.12634551856,0.11005714285714287,-0.01628837570285714,0.1694334685625,0.1926526452828924,0.0232191767203924,False,True
3g,bellever_dartmoor,3,72,123,0.7235772357723578,7,3,8,0.14935880642276425,0.10678861788617884,-0.04257018853658541,0.1390603080833333,0.1317701744306764,-0.0072901336526569,True,False
3j,bellever_dartmoor,3,72,123,0.7235772357723578,7,3,6,0.13854757373983737,0.10220736078328524,-0.036340212956552126,0.1320985658124999,0.1305882119818311,-0.0015103538306688,True,False
3n,bellever_dartmoor,3,72,123,0.7235772357723578,8,3,6,0.13992350325203254,0.10466511807975222,-0.03525838517228032,0.1330872289375,0.1279914749403737,-0.0050957539971263,True,False
3g,bellever_dartmoor,4,72,123,0.6341463414634146,6,4,11,0.12331128723577237,0.09150361833288663,-0.031807668902885736,0.1640033521666666,0.1667133462298564,0.0027099940631897,False,True
3j,bellever_dartmoor,4,72,123,0.6341463414634146,6,4,12,0.1324588319512195,0.09106543862641424,-0.04139339332480525,0.1674686344374999,0.1550922912631802,-0.0123763431743197,True,False
3n,bellever_dartmoor,4,72,123,0.6341463414634146,6,4,11,0.13389726048780487,0.09109711426784599,-0.04280014621995888,0.1683004826041667,0.154574785050653,-0.0137256975535136,True,False
3g,bellever_dartmoor,6,72,123,0.5040650406504065,8,4,14,0.10488882739837398,0.0806635491166942,-0.02422527828167978,0.13108268375,0.1404130620967154,0.0093303783467154,False,True
3j,bellever_dartmoor,6,72,123,0.5040650406504065,7,8,14,0.11596533853658536,0.07902504000064975,-0.03694029853593561,0.1426000736458333,0.1431179461894318,0.0005178725435985,False,True
3n,bellever_dartmoor,6,72,123,0.5040650406504065,8,3,14,0.11240543382113821,0.08013996843265138,-0.03226546538848683,0.14024928725,0.1427980265535978,0.0025487393035978,False,True
3g,bovey_tracey,3,72,120,0.85,7,3,9,0.11664854408333332,0.0787773569023569,-0.037871187180976415,0.0769902055172413,0.0848434792713473,0.007853273754106,False,True
3j,bovey_tracey,3,72,120,0.85,6,2,15,0.1012588125,0.07699220713926597,-0.024266605360734037,0.0765506819612068,0.0852268238459364,0.0086761418847295,False,True
3n,bovey_tracey,3,72,120,0.85,7,2,11,0.10209812608333332,0.07767255892255892,-0.024425567160774403,0.07561746625,0.0856779802486639,0.0100605139986638,False,True
3g,bovey_tracey,4,72,120,0.775,8,3,6,0.11601365641666668,0.09273809523809524,-0.023275561178571436,0.1199585786206896,0.1091974857875536,-0.010761092833136,True,False
3j,bovey_tracey,4,72,120,0.775,7,4,12,0.10525895433333332,0.08958333333333333,-0.015675620999999987,0.1137688267672413,0.1078268930087135,-0.0059419337585278,True,False
3n,bovey_tracey,4,72,120,0.775,8,4,7,0.1060700595,0.0903373015873016,-0.01573275791269839,0.1145553856896551,0.1074152229297462,-0.0071401627599089,True,False
3g,bovey_tracey,6,72,120,0.65,8,3,9,0.10709347425000001,0.0880050505050505,-0.019088423744949512,0.1327132293965517,0.1369378447392485,0.0042246153426967,False,True
3j,bovey_tracey,6,72,120,0.65,6,10,11,0.11012948416666667,0.08525641025641024,-0.02487307391025642,0.1562969125431034,0.1372476903556609,-0.0190492221874425,True,False
3n,bovey_tracey,6,72,120,0.65,7,3,11,0.10733648233333333,0.08456196581196582,-0.022774516521367513,0.1532931964870689,0.1377013861647915,-0.0155918103222774,True,False
3g,dartmoor_nr_hexworthy,3,72,124,0.6935483870967742,6,5,9,0.13719567120967743,0.10100624818366753,-0.0361894230260099,0.1579505125,0.1641049592589736,0.0061544467589735,False,True
3j,dartmoor_nr_hexworthy,3,72,124,0.6935483870967742,5,5,16,0.13636484629032256,0.1000848896434635,-0.036279956646859055,0.1467304045833333,0.1606499029171833,0.01391949833385,False,True
3n,dartmoor_nr_hexworthy,3,72,124,0.6935483870967742,6,5,9,0.13708516475806454,0.10073743097936647,-0.03634773377869807,0.14705555625,0.1609188578001571,0.0138633015501571,False,True
3g,dartmoor_nr_hexworthy,4,72,124,0.6048387096774194,8,4,10,0.14248244782258065,0.11091727583663065,-0.031565171985950005,0.1670388779166667,0.1865061546772482,0.0194672767605815,False,True
3j,dartmoor_nr_hexworthy,4,72,124,0.6048387096774194,7,6,15,0.13774576854838708,0.11001290664478519,-0.027732861903601885,0.1621565441666667,0.1833110629693868,0.0211545188027201,False,True
3n,dartmoor_nr_hexworthy,4,72,124,0.6048387096774194,8,5,10,0.13813412854838708,0.1113981189532972,-0.026736009595089885,0.1622781828333333,0.1847796894063376,0.0225015065730043,False,True
3g,dartmoor_nr_hexworthy,6,72,124,0.4596774193548387,7,1,13,0.1731732249193548,0.11003210261103194,-0.06314112230832286,0.18476853925,0.2354636442383594,0.0506951049883593,False,True
3j,dartmoor_nr_hexworthy,6,72,124,0.4596774193548387,10,2,11,0.13846231387096777,0.11099920139982576,-0.027463112471142012,0.1928193562291666,0.2302418879199321,0.0374225316907654,False,True
3n,dartmoor_nr_hexworthy,6,72,124,0.4596774193548387,10,2,11,0.13778332016129033,0.10960493034829664,-0.028178389812993684,0.1915772644791666,0.2322464071420849,0.0406691426629182,False,True
